,MAE,MAPE,RMSE
case1,7.474855684029186,0.3197744214106935,9.710798367567367
