,MAE,MAPE,RMSE
case1,4.54513068628966,0.1675932336423958,6.226166606859059
