,MAE,MAPE,RMSE,RMSLE
making_regression,7.247896715005269,0.3090790203676005,9.10854820096031,0.3320508167075147
painting_regression,4.465377465205089,0.3036308555775098,5.632444077266851,0.3155144811521592
